{
  "status": 200,
  "code": 200,
  "responseCode": "200",
  "time": "2019-02-28T06:05:28.701+0000",
  "correlationId": "50797ab7-f7c2-4f4e-adc6-fbc43dbdc085",
  "data": {
    "individualId": "89dd4949-fcd1-b9a9-4d2e-5bea15e46bcf",
    "firstName": "AQXDJUB",
    "lastName": "AUTOIDAVSN",
    "isQualified": true,
    "isEnrolled": true,
    "accounts": [
      {
        "accountId": "2040681664",
        "enrollmentStatus": "ENROLLED",
        "loyaltyTier": "MEMBER"
      }
    ]
  },
  "request": { "params": {} }
}
