{
  "env": "dev",
  "api": {
    "baseUrl": "/presentation/v1/loyalty/cip/",
    "endpoints": {
      "enrol": "registration",
      "optOut": "unenrol",
      "getDetails": "details",
      "getPoints": "points",
      "getPointsHistory": "points/history",
      "getOffers": "media-partners/getOffers",
      "getOrders": "media-partner/getOrders",
      "createOrder": "media-partners/createOrder"
    }
  },
  "oidc": {
    "authority": "/identity/as/authorization.oauth2",
    "metadata": {
      "issuer": "https://1fn3.myid-nonprod.telstra.com/identity",
      "jwks_uri": "https://2fn3.myid-nonprod.telstra.com/identity/pf/JWKS",
      "authorization_endpoint": "/identity/as/authorization.oauth2",
      "userinfo_endpoint": "https://3fn3.myid-nonprod.telstra.com/identity/idp/userinfo.openid",
      "end_session_endpoint": "https://4fn3.myid-nonprod.telstra.com/identity/idp/startSLO.ping",
      "introspection_endpoint": "https://5fn3.myid-nonprod.telstra.com/identity/as/introspect.oauth2"
    },
    "client_id": "Loyalty",
    "redirect_uri": "http://localhost:3000",
    "response_type": "token id_token",
    "scope": "openid app.loyalty",
    "nonce": "weobgvin2",
    "post_logout_redirect_uri": "/identity/idp/startSLO.ping?TargetResource=https://test.aem.telstra.com.au/plus",
    "silent_redirect_uri": "https://myt-fn3.apps.np.sdppcf.com/mytelstra/silentrenew",
    "automaticSilentRenew": true
  }
}
