{
  "env": "nonprod",
  "api": {
    "baseUrl": "https://slot4.org002.t-dev.telstra.net/presentation/v1/loyalty/cip/",
    "endpoints": {
      "enrol": "registration",
      "optOut": "unenrol",
      "getDetails": "details",
      "getPoints": "points",
      "getPointsHistory": "points/history",
      "getOffers": "media-partners/getOffers",
      "getOrders": "media-partner/getOrders",
      "createOrder": "media-partners/createOrder"
    }
  },
  "oidc": {
    "authority": "https://fn3.myid-nonprod.telstra.com/identity/as/authorization.oauth2",
    "client_id": "Loyalty",
    "redirect_uri": "https://plus.np.in.telstra.com.au/",
    "response_type": "code",
    "scope": "openid app.loyalty",
    "nonce": "weobgvin2",
    "post_logout_redirect_uri": "https://fn3.myid-nonprod.telstra.com/identity/idp/startSLO.ping?TargetResource=https://test.aem.telstra.com.au/plus",
    "silent_redirect_uri": "https://myt-fn3.apps.np.sdppcf.com/mytelstra/silentrenew",
    "automaticSilentRenew": true,
    "metadata": {
      "issuer": "https://fn3.myid-nonprod.telstra.com/identity",
      "jwks_uri": "https://fn3.myid-nonprod.telstra.com/identity/pf/JWKS",
      "authorization_endpoint": "https://fn3.myid-nonprod.telstra.com/identity/as/authorization.oauth2",
      "userinfo_endpoint": "https://fn3.myid-nonprod.telstra.com/identity/idp/userinfo.openid",
      "end_session_endpoint": "https://fn3.myid-nonprod.telstra.com/identity/idp/startSLO.ping",
      "introspection_endpoint": "https://fn3.myid-nonprod.telstra.com/identity/as/introspect.oauth2",
      "token_endpoint": "https://fn3.myid-nonprod.telstra.com/identity/as/token.oauth2"
    }
  }
}
