{
  "cip_details": [
    {
      "id": 1,
      "status": 200,
      "code": 200,
      "time": "2019-04-16T04:25:36.368+0000",
      "correlationId": "96f3cb3d-b4ca-ea92-8aef-116e683dc652",
      "path": "/details",
      "method": "GET",
      "data": {
        "individualId": "86ec93da-1232-cba9-263f-e0f6806a9e45",
        "rcrmContactId": "1-57HRI01M",
        "contactUUID": "86ec93da-1232-cba9-263f-e0f6806a9e45",
        "firstName": "SLWACGR",
        "lastName": "AUTOBTUCUA",
        "isQualified": true,
        "isEnrolled": true,
        "accounts": [
          {
            "accountId": "2040636655",
            "enrollmentStatus": "ENROLLED",
            "loyaltyTier": "GOLD"
          }
        ]
      },
      "request": {
        "params": {},
        "method": "GET",
        "path": "/details"
      }
    }
  ],
  "points": [
    {
      "id": 1,
      "status": 200,
      "code": 200,
      "responseCode": "200",
      "message": "Successful",
      "time": "2019-04-26T14:08:02.911+0530",
      "correlationId": "37e498ad-487b-487e-a62f-6918111c3c74",
      "path": "/points",
      "method": "GET",
      "data": {
        "loyalty": {
          "accounts": [
            {
              "accountId": "2040636655",
              "points": { "loyaltyPoints": 0, "onHoldPoints": 0 }
            }
          ]
        }
      },
      "request": {
        "params": { "cacList": "2040636655" },
        "method": "GET",
        "path": "/points"
      }
    }
  ],
  "points_history": [
    {
      "id": 1,
      "status": 200,
      "code": 200,
      "message": "Successful",
      "time": "2019-04-26T14:06:33.492+0530",
      "correlationId": "e4bfc84f-a5f1-4e5d-96a6-a03ffad508c3",
      "path": "/points/history",
      "method": "GET",
      "data": {
        "accounts": [
          {
            "cac": "2040636655",
            "loyaltyPoints": 0,
            "pointsHistory": { "transactionSummary": [] }
          }
        ]
      },
      "request": {
        "params": {
          "cacList": "2040681664",
          "startDate": "2018-4-26",
          "endDate": "2019-02-14"
        },
        "method": "GET",
        "path": "/points/history"
      }
    }
  ],
  "unenrol": [
    {
      "id": 1,
      "data": {
        "individual": {
          "id": "2040681664",
          "loyaltyOptIn": false
        }
      }
    },
    {
      "id": 2,
      "code": "<error code>",
      "status": 503,
      "time": "",
      "correlationId": "",
      "data": {
        "individual": {
          "id": "2040681664",
          "accounts": ["2040681664"]
        }
      },
      "errors": [
        {
          "code": "<error code>",
          "message": "Error occured while unenrolling individual: 2040681664 from Loyalty Program"
        }
      ]
    },
    {
      "id": 3,
      "code": "<error code>",
      "status": 422,
      "time": "",
      "correlationId": "",
      "data": {
        "individual": {
          "id": "2040681664",
          "accounts": ["2040681664"]
        }
      },
      "errors": [
        {
          "code": "<error code>",
          "message": "accounts of individual: 2040681664 are not enrolled in Loyalty Program"
        }
      ]
    },
    {
      "id": 4,
      "code": "<error code>",
      "status": 422,
      "time": "",
      "correlationId": "",
      "data": {
        "individual": {
          "id": "2040681664",
          "accounts": ["2040681664"]
        }
      },
      "errors": [
        {
          "code": "<error code>",
          "message": "individual: 2040681664 is not a member of Loyalty Program"
        }
      ]
    },
    {
      "createdAt": 1556855761920,
      "id": 3
    },
    {
      "createdAt": 1556855787760,
      "id": 4
    },
    {
      "id": 5,
      "status": 200,
      "time": "2019-05-04T02:34:17.907+0000",
      "correlationId": "a1eda7a5-117d-9f26-99db-df8e42ea0a8e",
      "path": "/unenrol",
      "method": "POST",
      "data": {
        "individual": {
          "id": "1-43K3HPOC",
          "loyaltyOptIn": false
        }
      },
      "request": {
        "params": {},
        "method": "POST",
        "path": "/unenrol"
      }
    },
    {
      "id": 6,
      "status": 422,
      "code": 1010,
      "message": "Error: Individual 1-43K3HPOC is not a member of Loyalty Program",
      "time": "2019-05-04T02:37:40.293+0000",
      "correlationId": "df43fbd9-dc6e-236a-9130-6fbca2595e16",
      "path": "/unenrol",
      "method": "POST",
      "data": {
        "individual": {
          "id": "1-43K3HPOC",
          "rcrmContactId": "1-43K3HPOC"
        }
      },
      "request": {
        "params": {},
        "method": "POST",
        "path": "/unenrol"
      },
      "errors": [
        {
          "message": "Error: Individual 1-43K3HPOC is not a member of Loyalty Program",
          "code": "1010"
        }
      ]
    }
  ],
  "posts": [
    {
      "id": 2,
      "title": "json-server2",
      "author": "typicode2"
    },
    {
      "id": 1,
      "title": "json-server",
      "author": "typicode"
    }
  ],
  "comments": [
    {
      "id": 1,
      "body": "some comment",
      "postId": 1
    }
  ],
  "profile": {
    "name": "typicode"
  }
}
