{
  "data":{
  "global": {
    "configuration": {
      "chatButton": true,
      "chatSlideoutEnabled": true,
      "chatProvider": true,
      "chatButtonConfig": {
        "backgroundColor": "color",
        "font": "font",
        "image": "image",
        "text": "text"
      },
      "staticParams": [],
      "chatSlideout": {
        "rules": {
          "type": "duration",
          "duration": 10,
          "scroll": 100
        },
        "title": "title",
        "image": "imagePath",
        "text": "Need help with your Telstra services or products?",
        "linkUrl": "url",
        "linkText": "Chat with us now"
      },
      "chatLoading": {
        "icon": "imageIcon",
        "title": "Chat Loading Welcome message",
        "text": "message"
      },
      "chatAgentsOffline": {
        "icon": "./icons/illustration-opps.svg",
        "title": "Sorry",
        "text": "Our agents are offline. If your enquiry is urgent, please call 1800 000 000.",
        "header": "Message connecting with Error"
      },
      "chatLoadingConnectionError": {
        "icon": "./icons/illustration-opps.svg",
        "title": "Oops…",
        "text": "Nous avons rencontré un problème de connexion. Nous travaillons à résoudre ce problème.",
        "header": "Message connecting with Error"
      },
      "headerMessage": {
        "chatEnded": "Message Chat Ended",
        "chatInProgress": "Message Chat in Progress",
        "chatInProgressUnreadMessages": "Message Chat in Progress - Unread messsages",
        "noAgentAvailable": "Message - No Agent Available"
      },
      "interactiveMessages":{
         "welcomeMessage": "Welcome to Telstra Chat.\n You are now connected to ##agentName##.",
         "transferMessage": "You're being transferred. \n Please wait while we connect you to an agent.",
         "endChatMessage": "Your chat has ended. \n Thanks for chatting with us today.",
         "endChatByAgentMessage": "##agentName## has ended the chat. \n Thanks for chatting with us today."
      }
    },
    "groups": [
      {
        "groupIdentifier": {
          "configuration": {
            "chatButton": true,
            "chatSlideoutEnabled": true,
            "chatProvider": true,
            "chatButtonConfig": {
              "backgroundColor": "color",
              "font": "font",
              "image": "image",
              "text": "text"
            },
            "staticParams": [],
            "chatSlideout": {
              "rules": {
                "type": "duration",
                "duration": 10,
                "scroll": 100
              },
              "title": "title",
              "image": "imagePath",
              "text": "Need help with your Telstra services or products?",
              "linkUrl": "url",
              "linkText": "Chat with us now"
            },
            "chatLoading": {
              "icon": "imageIcon",
              "title": "Chat Loading Welcome message",
              "text": "message"
            },
            "chatAgentsOffline": {
              "icon": "./icons/illustration-opps.svg",
              "title": "Sorry",
              "text": "Our agents are offline. If your enquiry is urgent, please call 1800 000 000.",
              "header": "Message connecting with Error"
            },
            "chatLoadingConnectionError": {
              "icon": "./icons/illustration-opps.svg",
              "title": "Oops…",
              "text": "We've encountered a connection issue. We're working on fixing this.",
              "header": "Message connecting with Error"
            },
            "headerMessage": {
              "chatEnded": "Message Chat Ended",
              "chatInProgress": "Message Chat in Progress",
              "chatInProgressUnreadMessages": "Message Chat in Progress - Unread messsages",
              "noAgentAvailable": "Message - No Agent Available"
            },
            "chatConfirmation": {
              "title": "Are you sure you want to end chat?",
              "endButtonLabel": "End chat",
              "cancelButtonLabel": "Cancel"
            },
            "interactiveMessages":{
               "welcomeMessage": "Welcome to Telstra Chat.\n You are now connected to ##agentName##.",
               "transferMessage": "You're being transferred. \n Please wait while we connect you to an agent.",
               "endChatMessage": "Your chat has ended. \n Thanks for chatting with us today.",
               "endChatByAgentMessage": "##agentName## has ended the chat. \n Thanks for chatting with us today."
            }
          },
          "pages": [
            {
              "pageIdentifier": {
                "pageUrl": "/index.html",
                "configuration": {
                  "chatButton": true,
                  "chatSlideoutEnabled": true,
                  "chatProvider": true,
                  "buttonId": "5732O0000000084",
                  "organizationId": "00D2O0000008qWo",
                  "deploymentId": "5722O000000007u",
                  "chatButtonConfig": {
                    "backgroundColor": "#0064d2",
                    "font": "font",
                    "image": "icons/chat.svg",
                    "text": "Chat"
                  },
                  "staticParams": [
                    "orderId"
                  ],
                  "chatSlideout": {
                    "rules": {
                      "type": "scroll",
                      "duration": 10,
                      "scroll": 100
                    },
                    "title": "Let's Chat",
                    "image": "./icons/logo-telstra.svg",
                    "text": "Need help with your Telstra services or products?",
                    "linkUrl": "url",
                    "linkText": "Chat with us now"
                  },
                  "chatLoading": {
                    "icon": "imageIcon",
                    "title": "Welcome to Telstra Chat.",
                    "text": "Connecting you to our chat agents. Please wait a moment.",
                    "header": "Connecting ..."
                  },
                  "chatAgentsOffline": {
                    "icon": "./icons/illustration-opps.svg",
                    "title": "Sorry",
                    "text": "Our agents are offline. If your enquiry is urgent, please call 1800 000 000.",
                    "header": "Sorry"
                  },
                  "chatLoadingConnectionError": {
                    "icon": "./icons/illustration-opps.svg",
                    "title": "Oops…",
                    "text": "We've encountered a connection issue. We're working on fixing this.",
                    "header": "Oops…"
                  },
                  "headerMessage": {
                    "chatEnded": "Message Chat Ended",
                    "chatInProgress": "Message Chat in Progress",
                    "chatInProgressUnreadMessages": "Message Chat in Progress - Unread messsages",
                    "noAgentAvailable": "Message - No Agent Available"
                  },
                  "chatConfirmation": {
                    "title": "Are you sure you want to end chat?",
                    "endButtonLabel": "End chat",
                    "cancelButtonLabel": "Cancel"
                  },
                  "systemAnnouncement": {
                    "message": "We're currently experiencing a web service outage in Melbourne metro areas.",
                    "linkUrl": "http://localhost:8082/index2.html",
                    "linkText": "More Information",
                    "enabled": true
                  },
                  "interactiveMessages":{
                     "welcomeMessage": "Welcome to Telstra Chat.\n You are now connected to ##agentName##.",
                     "transferMessage": "You're being transferred. \n Please wait while we connect you to an agent.",
                     "endChatMessage": "Your chat has ended. \n Thanks for chatting with us today.",
                     "endChatByAgentMessage": "##agentName## has ended the chat. \n Thanks for chatting with us today."
                  }
                }
              }
            }
          ]
        }
      }
    ]
  },
  "system": {
    "configuration": {
      "systemAnnouncement": {
        "message": "Nous rencontrons actuellement une panne de service Web dans les régions métropolitaines de Melbourne.",
        "linkUrl": "http://localhost:8082/index2.html",
        "linkText": "Plus d'information",
        "enabled": true
      }
    },
      "buttonIds": [
        {
          "5732O0000000084": {
            "systemAnnouncement": {
              "message": "We're currently experiencing a web service outage in Melbourne metro areas. btnlevel",
              "linkUrl": "http://localhost:8082/index2.html",
              "linkText": "More Information",
              "enabled": true
            }
          }
        }
      ]
  }
}
}
