{
  "name": "telstra-loyalty-enrol-spa",
  "version": "0.1.1",
  "private": true,
  "dependencies": {
    "axios": "^0.18.0",
    "axios-oauth-client": "^1.1.1",
    "axios-token-interceptor": "^0.1.0",
    "babel-jest": "^24.7.1",
    "babel-polyfill": "^6.26.0",
    "babel-preset-react-app": "^7.0.2",
    "connected-react-router": "^6.3.2",
    "date-fns": "^1.30.1",
    "env-cmd": "^8.0.2",
    "fs-extra": "^7.0.1",
    "jsrsasign": "^8.0.12",
    "nock": "^10.0.6",
    "normalize.css": "^8.0.1",
    "oidc-client": "^1.6.1",
    "pre-commit": "^1.2.2",
    "uuid": "^3.3.2",
    "json-server": "^0.14.2",
    "body-parser": "1.18.3",
    "cfenv": "1.0.4",
    "express": "4.16.3"
  },
  "scripts": {
    "start": "node ./mock/mock-server.js"
  },
  "devDependencies": {
  }
}
