{
  "extends": "tslint:recommended",
  "jsRules": {
    "jsdoc-format": false,
    "eofline": false,
    "max-line-length": false,
    "max-classes-per-file": false,
    "member-access": false,
    "no-string-literal": false,
    "no-var-keyword": false,
    "no-var-requires": false,
    "one-variable-per-declaration": false,
    "object-literal-key-quotes": false,
    "object-literal-sort-keys": false,
    "only-arrow-functions": false,
    "ordered-imports": false,
    "quotemark": false,
    "trailing-comma": false,
    "whitespace": [
      true,
      "check-branch",
      "check-decl",
      "check-operator",
      "check-separator",
      "check-type"
    ]
  },
  "rules": {
    "jsdoc-format": false,
    "eofline": false,
    "no-console":false,
    "max-line-length": false,
    "max-classes-per-file": false,
    "member-access": false,
    "no-string-literal": false,
    "no-var-keyword": false,
    "no-var-requires": false,
    "one-variable-per-declaration": false,
    "object-literal-key-quotes": false,
    "object-literal-sort-keys": false,
    "only-arrow-functions": false,
    "ordered-imports": false,
    "quotemark": false,
    "trailing-comma": false,
    "class-name": false,
    "member-ordering": false,
    "interface-name": false,
    "whitespace": [
      true,
      "check-branch",
      "check-decl",
      "check-operator",
      "check-separator",
      "check-type"
    ],
    "one-line": [
      true,
      "check-open-brace",
      "check-catch",
      "check-whitespace"
    ],
    "no-shadowed-variable": false,
    "prefer-for-of": false,
    "variable-name": [
      true,
      "ban-keywords"
    ],
    "object-literal-shorthand": false
  }
}
