{
  "data":{
     "global":{
        "configuration":{
           "chatButton":true,
           "chatSlideoutEnabled":false,
           "chatProvider":"liveperson",
           "chatButtonConfig":{
              "backgroundColor":"#0064d2",
              "font":"font",
              "image":"icons/chat.svg",
              "text":"Chat"
           },
           "staticParams":[

           ],
           "chatSlideout":{
              "rules":{
                 "type":"scroll",
                 "duration":10,
                 "scroll":100
              },
              "title":"Let's Chat",
              "image":"./icons/logo-telstra.svg",
              "text":"Need help with your Telstra services or products?",
              "linkUrl":"url",
              "linkText":"Chat with us now"
           },
           "chatLoading":{
              "icon":"imageIcon",
              "title":"Welcome to Telstra Chat.",
              "text":"Connecting you to our chat agents. Please wait a moment.",
              "header":"Connecting..."
           },
           "chatAgentsOffline":{
              "icon":"./icons/illustration-opps.svg",
              "title":"We’re sorry...",
              "text":"Our agents are offline. If your enquiry is urgent, please call 1800 000 000.",
              "header":"We’re sorry..."
           },
           "chatLoadingConnectionError":{
              "icon":"./icons/illustration-opps.svg",
              "title":"Oops...",
              "text":"We've encountered a connection issue. We're working on fixing this.",
              "header":"Oops..."
           },
           "chatInQueue": {
             "icon": "./icons/illustration-watch.svg",
             "title": "Connecting...",
             "text": "Our agents are currently busy. You are in queue for the next available agent",
             "subtext": "Your queue position is",
             "header": "Welcome to Telstra Chat"
           },
           "headerMessage":{
              "chatEnded":"Thanks for chatting",
              "chatInProgress":"",
              "chatInProgressUnreadMessages":"",
              "noAgentAvailable":""
           },
           "chatConfirmation":{
              "title":"Are you sure you want to end chat?",
              "endButtonLabel":"End chat",
              "cancelButtonLabel":"Cancel"
           },
           "systemAnnouncement":{
              "message":"We're currently experiencing a web service outage in Melbourne metro areas.",
              "linkUrl":"http://localhost:8082/index2.html",
              "linkText":"More Information",
              "enabled":true
           },
           "interactiveMessages":{
              "welcomeMessage": "Welcome to Telstra Chat.\n You are now connected to ##agentName##.",
              "transferMessage": "You're being transferred. \n Please wait while we connect \n you to an agent.",
              "endChatMessage": "Your chat has ended. \n Thanks for chatting with us today.",
              "endChatByAgentMessage": "##agentName## has ended the chat. \n Thanks for chatting with us today."
           }
        },
        "groups":[
           {
              "groupIdentifier":{
                 "configuration":{
                    "chatButton":true,
                    "chatSlideoutEnabled":true,
                    "chatProvider":"salesforce",
                    "chatButtonConfig":{
                       "backgroundColor":"#0064d2",
                       "font":"font",
                       "image":"icons/chat.svg",
                       "text":"Chat"
                    },
                    "staticParams":[

                    ],
                    "chatSlideout":{
                       "rules":{
                          "type":"scroll",
                          "duration":10,
                          "scroll":100
                       },
                       "title":"Let's Chat",
                       "image":"./icons/logo-telstra.svg",
                       "text":"Need help with your Telstra services or products?",
                       "linkUrl":"url",
                       "linkText":"Chat with us now"
                    },
                    "chatLoading":{
                       "icon":"imageIcon",
                       "title":"Welcome to Telstra Chat.",
                       "text":"Connecting you to our chat agents. Please wait a moment.",
                       "header":"Connecting..."
                    },
                    "chatAgentsOffline":{
                       "icon":"./icons/illustration-opps.svg",
                       "title":"We’re sorry...",
                       "text":"Our agents are offline. If your enquiry is urgent, please call 1800 000 000.",
                       "header":"We’re sorry..."
                    },
                    "chatLoadingConnectionError":{
                       "icon":"./icons/illustration-opps.svg",
                       "title":"Oops...",
                       "text":"We've encountered a connection issue. We're working on fixing this.",
                       "header":"Oops..."
                    },
                    "headerMessage":{
                       "chatEnded":"Thanks for chatting",
                       "chatInProgress":"",
                       "chatInProgressUnreadMessages":"",
                       "noAgentAvailable":""
                    },
                    "chatConfirmation":{
                       "title":"Are you sure you want to end chat?",
                       "endButtonLabel":"End chat",
                       "cancelButtonLabel":"Cancel"
                    },
                    "systemAnnouncement":{
                       "message":"We're currently experiencing a web service outage in Melbourne metro areas.",
                       "linkUrl":"http://localhost:8082/index2.html",
                       "linkText":"More Information",
                       "enabled":true
                    },
                    "interactiveMessages":{
                       "welcomeMessage": "Welcome to Telstra Chat.\n You are now connected to ##agentName##.",
                       "transferMessage": "You're being transferred. \n Please wait while we connect \n you to an agent.",
                       "endChatMessage": "Your chat has ended. \n Thanks for chatting with us today.",
                       "endChatByAgentMessage": "##agentName## has ended the chat. \n Thanks for chatting with us today."
                    }
                 },
                 "pages":[
                    {
                       "pageIdentifier":{
                          "pageUrl":"/index.html",
                          "configuration":{
                             "chatButton":true,
                             "chatSlideoutEnabled":true,
                             "chatProvider":"salesforce",
                             "buttonId":"5732O00000000AK",
                             "organizationId":"00D2O0000008vLl",
                             "deploymentId":"5722O00000000Ca",
                             "chatButtonConfig":{
                                "backgroundColor":"#0064d2",
                                "font":"font",
                                "image":"icons/chat.svg",
                                "text":"Chat"
                             },
                             "staticParams":[
                                "orderId"
                             ],
                             "chatSlideout":{
                                "rules":{
                                   "type":"scroll",
                                   "duration":10,
                                   "scroll":100
                                },
                                "title":"Let's Chat",
                                "image":"./icons/logo-telstra.svg",
                                "text":"Need help with your Telstra services or products?",
                                "linkUrl":"url",
                                "linkText":"Chat with us now"
                             },
                             "chatLoading":{
                                "icon":"imageIcon",
                                "title":"Welcome to Telstra Chat.",
                                "text":"Connecting you to our chat agents. Please wait a moment.",
                                "header":"Connecting..."
                             },
                             "chatAgentsOffline":{
                                "icon":"./icons/illustration-opps.svg",
                                "title":"We’re sorry...",
                                "text":"Our agents are offline. If your enquiry is urgent, please call 1800 000 000.",
                                "header":"We’re sorry..."
                             },
                             "chatLoadingConnectionError":{
                                "icon":"./icons/illustration-opps.svg",
                                "title":"Oops...",
                                "text":"We've encountered a connection issue. We're working on fixing this.",
                                "header":"Oops..."
                             },
                             "chatInQueue": {
                               "icon": "./icons/illustration-watch.svg",
                               "title": "Connecting...",
                               "text": "Our agents are currently busy. You are in queue for the next available agent",
                               "subtext": "Your queue position is",
                               "header": "Welcome to Telstra Chat"
                             },
                             "headerMessage":{
                                "chatEnded":"Thanks for chatting",
                                "chatInProgress":"",
                                "chatInProgressUnreadMessages":"",
                                "noAgentAvailable":""
                             },
                             "chatConfirmation":{
                                "title":"Are you sure you want to end chat?",
                                "endButtonLabel":"End chat",
                                "cancelButtonLabel":"Cancel"
                             },
                             "systemAnnouncement":{
                                "message":"We're currently experiencing a web service outage in Melbourne metro areas.",
                                "linkUrl":"http://localhost:8082/index2.html",
                                "linkText":"More Information",
                                "enabled":true
                             },
                             "interactiveMessages":{
                                "welcomeMessage": "Welcome to Telstra Chat.\n You are now connected to ##agentName##.",
                                "transferMessage": "You're being transferred. \n Please wait while we connect \n you to an agent.",
                                "endChatMessage": "Your chat has ended. \n Thanks for chatting with us today.",
                                "endChatByAgentMessage": "##agentName## has ended the chat. \n Thanks for chatting with us today."
                             }
                          }
                       }
                    },
                    {
                       "pageIdentifier":{
                          "pageUrl":"/index2.html",
                          "configuration":{
                             "chatButton":false,
                             "chatSlideoutEnabled":true,
                             "chatProvider":"salesforce",
                             "buttonId":"5732O00000000AK",
                             "organizationId":"00D2O0000008vLl",
                             "deploymentId":"5722O00000000Ca",
                             "chatButtonConfig":{
                                "backgroundColor":"#0064d2",
                                "font":"font",
                                "image":"icons/chat.svg",
                                "text":"Chat"
                             },
                             "staticParams":[
                                "orderId"
                             ],
                             "chatSlideout":{
                                "rules":{
                                   "type":"scroll",
                                   "duration":10,
                                   "scroll":100
                                },
                                "title":"Let's Chat",
                                "image":"./icons/logo-telstra.svg",
                                "text":"Need help with your Telstra services or products?",
                                "linkUrl":"url",
                                "linkText":"Chat with us now"
                             },
                             "chatLoading":{
                                "icon":"imageIcon",
                                "title":"Welcome to Telstra Chat.",
                                "text":"Connecting you to our chat agents. Please wait a moment.",
                                "header":"Connecting..."
                             },
                             "chatAgentsOffline":{
                                "icon":"./icons/illustration-opps.svg",
                                "title":"We’re sorry...",
                                "text":"Our agents are offline. If your enquiry is urgent, please call 1800 000 000.",
                                "header":"We’re sorry..."
                             },
                             "chatLoadingConnectionError":{
                                "icon":"./icons/illustration-opps.svg",
                                "title":"Oops...",
                                "text":"We've encountered a connection issue. We're working on fixing this.",
                                "header":"Oops..."
                             },
                             "headerMessage":{
                                "chatEnded":"Thanks for chatting",
                                "chatInProgress":"",
                                "chatInProgressUnreadMessages":"",
                                "noAgentAvailable":""
                             },
                             "chatConfirmation":{
                                "title":"Are you sure you want to end chat?",
                                "endButtonLabel":"End chat",
                                "cancelButtonLabel":"Cancel"
                             },
                             "systemAnnouncement":{
                                "message":"We're currently experiencing a web service outage in Melbourne metro areas.",
                                "linkUrl":"http://localhost:8082/index2.html",
                                "linkText":"More Information",
                                "enabled":true
                             },
                             "interactiveMessages":{
                                "welcomeMessage": "Welcome to Telstra Chat.\n You are now connected to ##agentName##.",
                                "transferMessage": "You're being transferred. \n Please wait while we connect \n you to an agent.",
                                "endChatMessage": "Your chat has ended. \n Thanks for chatting with us today.",
                                "endChatByAgentMessage": "##agentName## has ended the chat. \n Thanks for chatting with us today."
                             }
                          }
                       }
                    },
                    {
                       "pageIdentifier":{
                          "pageUrl":"/content/dam/tcom/virtualassistant/custom-ui-sqi/Telstra-TestPageInternal.html",
                          "configuration":{
                             "chatButton":true,
                             "chatSlideoutEnabled":true,
                             "chatProvider":"salesforce",
                             "buttonId":"5732O00000000AK",
                             "organizationId":"00D2O0000008vLl",
                             "deploymentId":"5722O00000000Ca",
                             "chatButtonConfig":{
                                "backgroundColor":"#0064d2",
                                "font":"font",
                                "image":"icons/chat.svg",
                                "text":"Chat"
                             },
                             "staticParams":[
                                "orderId"
                             ],
                             "chatSlideout":{
                                "rules":{
                                   "type":"scroll",
                                   "duration":10,
                                   "scroll":100
                                },
                                "title":"Let's Chat",
                                "image":"./icons/logo-telstra.svg",
                                "text":"Need help with your Telstra services or products?",
                                "linkUrl":"url",
                                "linkText":"Chat with us now"
                             },
                             "chatLoading":{
                                "icon":"imageIcon",
                                "title":"Welcome to Telstra Chat.",
                                "text":"Connecting you to our chat agents. Please wait a moment.",
                                "header":"Connecting..."
                             },
                             "chatAgentsOffline":{
                                "icon":"./icons/illustration-opps.svg",
                                "title":"We’re sorry...",
                                "text":"Our agents are offline. If your enquiry is urgent, please call 1800 000 000.",
                                "header":"We’re sorry..."
                             },
                             "chatLoadingConnectionError":{
                                "icon":"./icons/illustration-opps.svg",
                                "title":"Oops...",
                                "text":"We've encountered a connection issue. We're working on fixing this.",
                                "header":"Oops..."
                             },
                             "chatInQueue": {
                               "icon": "./icons/illustration-watch.svg",
                               "title": "Connecting...",
                               "text": "Our agents are currently busy. You are in queue for the next available agent",
                               "subtext": "Your queue position is",
                               "header": "Welcome to Telstra Chat"
                             },
                             "headerMessage":{
                                "chatEnded":"Thanks for chatting",
                                "chatInProgress":"",
                                "chatInProgressUnreadMessages":"",
                                "noAgentAvailable":""
                             },
                             "chatConfirmation":{
                                "title":"Are you sure you want to end chat?",
                                "endButtonLabel":"End chat",
                                "cancelButtonLabel":"Cancel"
                             },
                             "systemAnnouncement":{
                                "message":"We're currently experiencing a web service outage in Melbourne metro areas.",
                                "linkUrl":"https://outages.telstra.com.au/",
                                "linkText":"More Information",
                                "enabled":true
                             },
                             "interactiveMessages":{
                                "welcomeMessage": "Welcome to Telstra Chat.\n You are now connected to ##agentName##.",
                                "transferMessage": "You're being transferred. \n Please wait while we connect \n you to an agent.",
                                "endChatMessage": "Your chat has ended. \n Thanks for chatting with us today.",
                                "endChatByAgentMessage": "##agentName## has ended the chat. \n Thanks for chatting with us today."
                             }
                          }
                       }
                    },
                    {
                       "pageIdentifier":{
                          "pageUrl":"/content/dam/tcom/virtualassistant/custom-ui-sqi/Telstra-TestPageInternal4.html",
                          "configuration":{
                             "chatButton":true,
                             "chatSlideoutEnabled":true,
                             "chatProvider":"salesforce",
                             "buttonId":"5732O00000000AK",
                             "organizationId":"00D2O0000008vLl",
                             "deploymentId":"5722O00000000Ca",
                             "chatButtonConfig":{
                                "backgroundColor":"#0064d2",
                                "font":"font",
                                "image":"icons/chat.svg",
                                "text":"Chat"
                             },
                             "staticParams":[
                                "orderId"
                             ],
                             "chatSlideout":{
                                "rules":{
                                   "type":"scroll",
                                   "duration":10,
                                   "scroll":100
                                },
                                "title":"Let's Chat",
                                "image":"./icons/logo-telstra.svg",
                                "text":"Need help with your Telstra services or products?",
                                "linkUrl":"url",
                                "linkText":"Chat with us now"
                             },
                             "chatLoading":{
                                "icon":"imageIcon",
                                "title":"Welcome to Telstra Chat.",
                                "text":"Connecting you to our chat agents. Please wait a moment.",
                                "header":"Connecting..."
                             },
                             "chatAgentsOffline":{
                                "icon":"./icons/illustration-opps.svg",
                                "title":"We’re sorry...",
                                "text":"Our agents are offline. If your enquiry is urgent, please call 1800 000 000.",
                                "header":"We’re sorry..."
                             },
                             "chatLoadingConnectionError":{
                                "icon":"./icons/illustration-opps.svg",
                                "title":"Oops...",
                                "text":"We've encountered a connection issue. We're working on fixing this.",
                                "header":"Oops..."
                             },
                             "chatInQueue": {
                               "icon": "./icons/illustration-watch.svg",
                               "title": "Connecting...",
                               "text": "Our agents are currently busy. You are in queue for the next available agent",
                               "subtext": "Your queue position is",
                               "header": "Welcome to Telstra Chat"
                             },
                             "headerMessage":{
                                "chatEnded":"Thanks for chatting",
                                "chatInProgress":"",
                                "chatInProgressUnreadMessages":"",
                                "noAgentAvailable":""
                             },
                             "chatConfirmation":{
                                "title":"Are you sure you want to end chat?",
                                "endButtonLabel":"End chat",
                                "cancelButtonLabel":"Cancel"
                             },
                             "systemAnnouncement":{
                                "message":"We're currently experiencing a web service outage in Melbourne metro areas.",
                                "linkUrl":"http://localhost:8082/index2.html",
                                "linkText":"More Information",
                                "enabled":true
                             },
                             "interactiveMessages":{
                                "welcomeMessage": "Welcome to Telstra Chat.\n You are now connected to ##agentName##.",
                                "transferMessage": "You're being transferred. \n Please wait while we connect \n you to an agent.",
                                "endChatMessage": "Your chat has ended. \n Thanks for chatting with us today.",
                                "endChatByAgentMessage": "##agentName## has ended the chat. \n Thanks for chatting with us today."
                             }
                          }
                       }
                    },
                    {
                       "pageIdentifier":{
                          "pageUrl":"/content/dam/tcom/virtualassistant/custom-ui-sqi/Telstra-TestPageInternal2.html",
                          "configuration":{
                             "chatButton":false,
                             "chatSlideoutEnabled":true,
                             "chatProvider":"salesforce",
                             "buttonId":"5732O00000000AK",
                             "organizationId":"00D2O0000008vLl",
                             "deploymentId":"5722O00000000Ca",
                             "chatButtonConfig":{
                                "backgroundColor":"#0064d2",
                                "font":"font",
                                "image":"icons/chat.svg",
                                "text":"Chat"
                             },
                             "staticParams":[
                                "orderId"
                             ],
                             "chatSlideout":{
                                "rules":{
                                   "type":"scroll",
                                   "duration":10,
                                   "scroll":100
                                },
                                "title":"Let's Chat",
                                "image":"./icons/logo-telstra.svg",
                                "text":"Need help with your Telstra services or products?",
                                "linkUrl":"url",
                                "linkText":"Chat with us now"
                             },
                             "chatLoading":{
                                "icon":"imageIcon",
                                "title":"Welcome to Telstra Chat.",
                                "text":"Connecting you to our chat agents. Please wait a moment.",
                                "header":"Connecting..."
                             },
                             "chatAgentsOffline":{
                                "icon":"./icons/illustration-opps.svg",
                                "title":"We’re sorry...",
                                "text":"Our agents are offline. If your enquiry is urgent, please call 1800 000 000.",
                                "header":"We’re sorry..."
                             },
                             "chatLoadingConnectionError":{
                                "icon":"./icons/illustration-opps.svg",
                                "title":"Oops...",
                                "text":"We've encountered a connection issue. We're working on fixing this.",
                                "header":"Oops..."
                             },
                             "chatInQueue": {
                               "icon": "./icons/illustration-watch.svg",
                               "title": "Connecting...",
                               "text": "Our agents are currently busy. You are in queue for the next available agent",
                               "subtext": "Your queue position is",
                               "header": "Welcome to Telstra Chat"
                             },
                             "headerMessage":{
                                "chatEnded":"Thanks for chatting",
                                "chatInProgress":"",
                                "chatInProgressUnreadMessages":"",
                                "noAgentAvailable":""
                             },
                             "chatConfirmation":{
                                "title":"Are you sure you want to end chat?",
                                "endButtonLabel":"End chat",
                                "cancelButtonLabel":"Cancel"
                             },
                             "systemAnnouncement":{
                                "message":"We're currently experiencing a web service outage in Melbourne metro areas.",
                                "linkUrl":"http://localhost:8082/index2.html",
                                "linkText":"More Information",
                                "enabled":true
                             },
                             "interactiveMessages":{
                                "welcomeMessage": "Welcome to Telstra Chat.\n You are now connected to ##agentName##.",
                                "transferMessage": "You're being transferred. \n Please wait while we connect \n you to an agent.",
                                "endChatMessage": "Your chat has ended. \n Thanks for chatting with us today.",
                                "endChatByAgentMessage": "##agentName## has ended the chat. \n Thanks for chatting with us today."
                             }
                          }
                       }
                    }
                 ]
              }
           }
        ]
     },
     "system":{
        "configuration":{
           "systemAnnouncement":{
              "message":"We're currently experiencing a web service outage in Melbourne metro areas.",
              "linkUrl":"https://outages.telstra.com.au/",
              "linkText":"More Information",
              "enabled":true
           }
        },
        "buttonIds":[
           {
              "5732O00000000AK":{
                 "configuration":{
                    "systemAnnouncement":{
                       "message":"We're currently experiencing a web service outage in Melbourne metro areas. button ID level",
                       "linkUrl":"http://localhost:8082/index2.html",
                       "linkText":"More Information",
                       "enabled":true
                    }
                 }
              }
           }
        ]
     }
  }
}
