{
    "defaultSeverity": "warning",
    "extends": [
        "tslint:recommended","tslint-config-prettier", "tslint-immutable"
    ],
    "jsRules": {},
    "rules": {
        "quotemark": [true, "single"],
        "interface-name": [true, "never-prefix"],
        "no-implicit-dependencies": [true, "dev"],
        "no-var-keyword": true,
        "no-parameter-reassignment": true,
        "readonly-keyword": true,
        "readonly-array": true,
        "no-let": true,
        "no-object-mutation": true,
        "no-delete": true,
        "no-method-signature": true,
        "no-this": true,
        "no-class": false,
        "no-mixed-interface": true,
        "no-expression-statement": [ false,{ "ignore-prefix": ["console.", "process.exit"] } ],
        "no-if-statement": true
    },
    "rulesDirectory": []
}
